diagnosis	n_subjects	mean_age	std_age	min_age	max_age	sexF	sexM	mean_MMSE	std_MMSE	min_MMSE	max_MMSE	CDR_0	CDR_0.5	CDR_1	CDR_2	CDR_3	mean_scans	std_scans	n_scans
AD	183.0	75.26393442622951	7.586370424272684	55.6	90.9	88.0	95.0	23.038251366120218	2.624737551738002	11.0	27.0	0.0	0.0	0.0	0.0	0.0	3.087431693989071	1.0043650439502325	565.0
CN	160.0	76.05125000000001	5.308966324766056	59.9	89.6	78.0	82.0	29.06875	1.0375564743665764	26.0	30.0	0.0	0.0	0.0	0.0	0.0	4.25625	1.285723896293446	681.0
MCI	367.0	74.79455040871935	7.259650928926045	54.4	89.3	132.0	235.0	26.95367847411444	1.7826078728933108	20.0	30.0	0.0	0.0	0.0	0.0	0.0	3.4959128065395095	1.6799376117339244	1283.0
sMCI	86.0	74.67558139534884	7.42445575558442	56.1	87.9	33.0	53.0	27.569767441860463	1.6950042716171638	24.0	30.0	0.0	0.0	0.0	0.0	0.0	2.9767441860465116	2.1565300734780015	256.0
pMCI	191.0	74.64973821989528	7.023303576322788	55.2	89.3	73.0	118.0	26.659685863874344	1.8403271692283876	19.0	30.0	0.0	0.0	0.0	0.0	0.0	2.607329842931937	1.1791152469327117	498.0
