diagnosis	n_subjects	mean_age	std_age	min_age	max_age	sexF	sexM	mean_MMSE	std_MMSE	min_MMSE	max_MMSE	CDR_0	CDR_0.5	CDR_1	CDR_2	CDR_3	mean_scans	std_scans	n_scans
AD	20.0	74.82499999999999	7.297114155609736	62.0	87.8	9.0	11.0	22.9	2.0712315177207983	20.0	26.0	0.0	0.0	0.0	0.0	0.0	3.25	0.82915619758885	65.0
CN	20.0	78.06000000000002	5.222298344598859	70.4	89.6	11.0	9.0	29.2	1.16619037896906	26.0	30.0	0.0	0.0	0.0	0.0	0.0	4.75	0.7664854858377946	95.0
MCI	20.0	76.245	8.49208307778486	56.6	88.8	3.0	17.0	26.7	1.4177446878757827	24.0	29.0	0.0	0.0	0.0	0.0	0.0	3.75	1.6393596310755	75.0
