diagnosis	n_subjects	mean_age	std_age	min_age	max_age	sexF	sexM	mean_MMSE	std_MMSE	min_MMSE	max_MMSE	CDR_0	CDR_0.5	CDR_1	CDR_2	CDR_3	mean_scans	std_scans	n_scans
AD	163.0	75.31779141104295	7.619364418410484	55.6	90.9	79.0	84.0	23.05521472392638	2.6843137468107092	11.0	27.0	0.0	0.0	0.0	0.0	0.0	3.067484662576687	1.022020339777119	500.0
CN	140.0	75.76428571428572	5.258966104644136	59.9	87.6	67.0	73.0	29.05	1.0164714879003176	26.0	30.0	0.0	0.0	0.0	0.0	0.0	4.185714285714286	1.3287250295232769	586.0
MCI	347.0	74.71095100864555	7.173240857393276	54.4	89.3	129.0	218.0	26.96829971181556	1.8002972031536666	20.0	30.0	0.0	0.0	0.0	0.0	0.0	3.4812680115273773	1.6810764374913334	1208.0
